"","id","first_name","last_name","team","PER","WS.48","BPM","VORP"
"1",219,"Al","Horford","ATL",19.8,0.153,1.9,2.7
"2",1541,"Josh","Smith","ATL",17.7,0.075,1.8,2.5
"3",435,"Jeff","Teague","ATL",16.8,0.111,0.3,1.5
"4",262,"Kyle","Korver","ATL",13.9,0.137,1.8,2.2
"5",195,"Devin","Harris","ATL",14.6,0.111,0.1,0.8
"6",1298,"DeShawn","Stevenson","ATL",8.1,0.061,-2.4,-0.1
"7",361,"Zaza","Pachulia","ATL",13.1,0.116,-1.7,0.1
"8",481,"Lou","Williams","ATL",15.9,0.103,1,0.9
"9",1949,"Ivan","Johnson","ATL",15.7,0.106,-1.6,0.1
"10",446,"Anthony","Tolliver","ATL",8.4,0.059,-3.1,-0.3
"11",2007,"John","Jenkins","ATL",13,0.091,-0.8,0.3
"12",1514,"Dahntay","Jones","ATL",5.4,0.015,-6.6,-0.4
"13",410,"Mike","Scott","ATL",16.3,0.11,-3.5,-0.1
"14",1614,"Johan","Petro","ATL",11,0.048,-5,-0.3
"15",1823,"Anthony","Morrow","ATL",12.3,0.1,-0.8,0.1
"16",291,"Shelvin","Mack","ATL",12.3,0.068,-2.8,-0.1
"17",1413,"Jannero","Pargo","ATL",9.7,0.041,-3.9,0
"18",1931,"Jeremy","Tyler","ATL",8.5,0.122,-3.2,0
"19",1168,"Paul","Pierce","BOS",19.1,0.135,3.6,3.6
"20",188,"Jeff","Green","BOS",15,0.099,-0.3,1
"21",1599,"Brandon","Bass","BOS",12.3,0.101,-1.9,0.1
"22",1242,"Jason","Terry","BOS",12.8,0.091,-0.2,1
"23",971,"Kevin","Garnett","BOS",19.2,0.133,2.6,2.3
"24",271,"Courtney","Lee","BOS",11.7,0.082,-0.5,0.7
"25",59,"Avery","Bradley","BOS",8.8,0.012,-3.7,-0.6
"26",400,"Rajon","Rondo","BOS",18.1,0.108,2.2,1.5
"27",1978,"Jared","Sullinger","BOS",13.5,0.146,-1.9,0
"28",1422,"Chris","Wilcox","BOS",15.3,0.181,0,0.4
"29",1892,"Jordan","Crawford","BOS",12,0.041,-3.6,-0.2
"30",1476,"Leandro","Barbosa","BOS",13.5,0.086,-0.7,0.2
"31",1348,"Jason","Collins","BOS",3,0.049,-7,-0.4
"32",1858,"Terrence","Williams","BOS",12.3,0.046,-2.4,0
"33",1645,"Shavlik","Randolph","BOS",15.9,0.159,-3.5,-0.1
"34",1836,"D.J.","White","BOS",14.7,0.117,-0.9,0
"35",2025,"Fab","Melo","BOS",4.9,0.021,-7.6,-0.1
"36",1979,"Kris","Joseph","BOS",-3.2,-0.275,-17.1,-0.1
"37",2023,"Jarvis","Varnado","BOS",12.8,0.083,-0.4,0
"38",1495,"Darko","Miličić","BOS",-30.2,-0.779,-38.3,0
"39",1601,"Deron","Williams","BRK",20.3,0.184,3.8,4.2
"40",1364,"Joe","Johnson","BRK",14.1,0.092,0,1.3
"41",283,"Brook","Lopez","BRK",24.7,0.191,3.2,3
"42",1343,"Gerald","Wallace","BRK",11.6,0.072,0.7,1.3
"43",1435,"Reggie","Evans","BRK",12.8,0.105,-1.7,0.1
"44",1643,"Andray","Blatche","BRK",21.9,0.153,2.2,1.6
"45",1788,"C.J.","Watson","BRK",13.9,0.12,0.9,1.1
"46",1507,"Keith","Bogans","BRK",6.7,0.047,-2.6,-0.2
"47",1535,"Kris","Humphries","BRK",13.6,0.109,-3,-0.3
"48",67,"MarShon","Brooks","BRK",13.5,0.068,-1.7,0.1
"49",946,"Jerry","Stackhouse","BRK",8.5,0.037,-3.3,-0.2
"50",2015,"Mirza","Teletović","BRK",12.3,0.087,-1.3,0.1
"51",2014,"Tyshawn","Taylor","BRK",6.2,-0.077,-7.4,-0.3
"52",1542,"Josh","Childress","BRK",7,0.029,-3.3,0
"53",2013,"Tornike","Shengelia","BRK",8.5,-0.017,-6.5,-0.1
"54",1979,"Kris","Joseph","BRK",3.7,-0.008,-4.1,0
"55",1884,"Damion","James","BRK",0,0,14,0
"56",124,"Luol","Deng","CHI",15.1,0.105,0.8,2
"57",1410,"Carlos","Boozer","CHI",17.1,0.108,-0.1,1.2
"58",1771,"Joakim","Noah","CHI",18.1,0.145,3.4,3.3
"59",79,"Jimmy","Butler","CHI",15.2,0.158,2,2.1
"60",1622,"Nate","Robinson","CHI",17.4,0.136,2.8,2.5
"61",40,"Marco","Belinelli","CHI",10.4,0.076,-2.3,-0.1
"62",1505,"Kirk","Hinrich","CHI",10.8,0.085,-0.9,0.5
"63",173,"Taj","Gibson","CHI",14.4,0.109,-1.1,0.3
"64",1245,"Richard","Hamilton","CHI",10.6,0.016,-4,-0.6
"65",1154,"Nazr","Mohammed","CHI",10.8,0.082,-3.6,-0.3
"66",1997,"Marquis","Teague","CHI",6,-0.031,-5.6,-0.4
"67",1758,"Daequan","Cook","CHI",4,-0.048,-6.8,-0.3
"68",1341,"Vladimir","Radmanović","CHI",6.3,0.02,-5.4,-0.1
"69",1961,"Malcolm","Thomas","CHI",16.7,0.166,0.2,0
"70",1735,"Lou","Amundson","CHI",0,-0.274,-22.8,0
"71",465,"Kemba","Walker","CHA",18.8,0.08,1.4,2.4
"72",48,"Bismack","Biyombo","CHA",10.1,0.031,-4.4,-1.3
"73",1845,"Gerald","Henderson","CHA",16.4,0.073,-1.1,0.5
"74",3078,"Gerald","Henderson","CHA",16.4,0.073,-1.1,0.5
"75",255,"Michael","Kidd-Gilchrist","CHA",14,0.051,-2.6,-0.3
"76",1791,"Ramon","Sessions","CHA",17.7,0.084,-0.4,0.7
"77",1562,"Ben","Gordon","CHA",12.7,-0.018,-3.4,-0.6
"78",2011,"Jeffery","Taylor","CHA",10.3,0.039,-3.6,-0.6
"79",1866,"Byron","Mullens","CHA",12.3,0.005,-3.4,-0.5
"80",1391,"Brendan","Haywood","CHA",8.7,0.006,-6,-1.2
"81",1782,"Josh","McRoberts","CHA",14.8,0.09,-0.9,0.2
"82",1889,"Jeff","Adrien","CHA",13.4,0.064,-3,-0.2
"83",1607,"Hakim","Warrick","CHA",11.3,-0.007,-5.1,-0.4
"84",1870,"Reggie","Williams","CHA",13.2,0.035,-1.4,0.1
"85",2983,"Reggie","Williams","CHA",13.2,0.035,-1.4,0.1
"86",1671,"Tyrus","Thomas","CHA",9.6,-0.025,-6.1,-0.4
"87",1413,"Jannero","Pargo","CHA",14.1,-0.001,-1.9,0
"88",1367,"DeSagana","Diop","CHA",6.6,-0.017,-4.7,-0.2
"89",1945,"Cory","Higgins","CHA",12.6,-0.022,-3.3,0
"90",1504,"Matt","Carroll","CHA",2.9,0.029,-10,0
"91",444,"Tristan","Thompson","CLE",16.1,0.098,-1.8,0.1
"92",1872,"Alonzo","Gee","CLE",10.5,0.036,-2.6,-0.4
"93",228,"Kyrie","Irving","CLE",21.4,0.125,3.7,3
"94",1983,"Tyler","Zeller","CLE",11,0.048,-4,-1
"95",463,"Dion","Waiters","CLE",13.7,0.026,-2.1,-0.1
"96",316,"C.J.","Miles","CLE",15.3,0.092,1.1,1.1
"97",280,"Shaun","Livingston","CLE",14.6,0.102,-0.2,0.5
"98",144,"Wayne","Ellington","CLE",13.9,0.093,-0.5,0.4
"99",1716,"Daniel","Gibson","CLE",7.7,0.026,-3.4,-0.3
"100",1557,"Anderson","Varejão","CLE",21.7,0.173,3.7,1.3
"101",1472,"Luke","Walton","CLE",11.3,0.045,-1,0.2
"102",1818,"Marreese","Speights","CLE",18.2,0.094,-3.1,-0.2
"103",90,"Omri","Casspi","CLE",12.9,0.064,-0.1,0.2
"104",1936,"Jeremy","Pargo","CLE",11.3,-0.006,-2.7,-0.1
"105",2022,"Kevin","Jones","CLE",11.1,0.032,-4.1,-0.2
"106",1960,"Donald","Sloan","CLE",9.9,0.022,-2.9,-0.1
"107",1902,"Samardo","Samuels","CLE",6.2,-0.016,-6.2,-0.2
"108",276,"Jon","Leuer","CLE",3.3,-0.092,-9.3,-0.2
"109",1672,"Chris","Quinn","CLE",1.3,-0.124,-9.2,-0.1
"110",1811,"O.J.","Mayo","DAL",13.9,0.069,-0.5,1.1
"111",103,"Darren","Collison","DAL",16.3,0.114,0.1,1.3
"112",88,"Vince","Carter","DAL",17.8,0.137,3.1,2.6
"113",1226,"Shawn","Marion","DAL",18,0.127,2.2,2.1
"114",346,"Dirk","Nowitzki","DAL",19.8,0.145,3.1,2.2
"115",1247,"Elton","Brand","DAL",15.2,0.107,-0.9,0.4
"116",1499,"Chris","Kaman","DAL",16.3,0.058,-2.4,-0.1
"117",112,"Jae","Crowder","DAL",10.2,0.055,-1,0.3
"118",1768,"Brandan","Wright","DAL",21,0.172,2.5,1.3
"119",1394,"Mike","James","DAL",9.5,0.024,-3.5,-0.3
"121",1514,"Dahntay","Jones","DAL",6.9,0.033,-4.8,-0.4
"122",1838,"Rodrigue","Beaubois","DAL",10.6,0.032,-2.6,-0.1
"123",1981,"Bernard","James","DAL",14.7,0.125,-1.6,0
"124",1888,"Dominique","Jones","DAL",12.4,0.001,-3.4,-0.1
"125",1373,"Troy","Murphy","DAL",9.1,0.062,-1.9,0
"126",1041,"Derek","Fisher","DAL",8.7,0.016,-3.7,-0.1
"127",1823,"Anthony","Morrow","DAL",10.9,0.028,-5.7,-0.1
"128",1800,"Chris","Douglas-Roberts","DAL",8.3,0.041,-3.8,0
"129",1980,"Jared","Cunningham","DAL",14.8,0.033,-1.5,0
"130",1376,"Eddy","Curry","DAL",-0.2,-0.146,-14.9,-0.1
"131",2029,"Josh","Akognon","DAL",15.3,0.196,-3,0
"132",1971,"Justin","Dentmon","DAL",-19.4,-0.571,-24.7,0
"134",2028,"Chris","Wright","DAL",-1.9,-0.375,-19.2,0
"135",224,"Andre","Iguodala","DEN",15.2,0.097,2.6,3.3
"136",1849,"Ty","Lawson","DEN",17.9,0.141,2,2.5
"137",167,"Danilo","Gallinari","DEN",16.7,0.151,2.8,2.8
"138",152,"Kenneth","Faried","DEN",18.5,0.167,1.1,1.7
"139",1222,"Andre","Miller","DEN",15.7,0.12,0.9,1.6
"140",1764,"Corey","Brewer","DEN",14.7,0.093,0.4,1.2
"141",263,"Kosta","Koufos","DEN",17.2,0.171,0.6,1.2
"142",306,"JaVale","McGee","DEN",20.7,0.163,1.6,1.3
"143",95,"Wilson","Chandler","DEN",16.6,0.137,0.5,0.7
"144",160,"Evan","Fournier","DEN",13.8,0.115,-1.4,0.1
"145",1953,"Jordan","Hamilton","DEN",16.9,0.1,0.9,0.3
"146",332,"Timofey","Mozgov","DEN",12.3,0.096,-3.7,-0.2
"147",1806,"Anthony","Randolph","DEN",15.6,0.073,-2.9,-0.1
"148",1955,"Julyan","Stone","DEN",11.4,0.128,-0.1,0
"149",2001,"Quincy","Miller","DEN",5.9,-0.051,-9.2,0
"150",325,"Greg","Monroe","DET",19.5,0.105,1.8,2.6
"151",258,"Brandon","Knight","DET",12,0.022,-2.8,-0.5
"152",1991,"Kyle","Singler","DET",10,0.048,-3,-0.6
"153",1784,"Rodney","Stuckey","DET",13,0.055,-1.8,0.1
"154",1628,"Jason","Maxiell","DET",11.3,0.047,-3.4,-0.6
"155",1416,"Tayshaun","Prince","DET",12.5,0.057,-1.4,0.2
"156",137,"Andre","Drummond","DET",21.6,0.172,2.5,1.4
"157",1667,"Will","Bynum","DET",16.6,0.067,-1,0.3
"158",1627,"Charlie","Villanueva","DET",14,0.069,0,0.6
"159",239,"Jonas","Jerebko","DET",15.7,0.107,-0.1,0.4
"160",80,"José","Calderón","DET",18.2,0.163,2.5,1
"161",315,"Khris","Middleton","DET",11.4,0.089,-1.9,0
"162",1990,"Kim","English","DET",7.9,0.021,-4.2,-0.2
"163",1853,"Austin","Daye","DET",12.6,0.108,-0.2,0.2
"164",1235,"Corey","Maggette","DET",7.9,0.017,-5.9,-0.2
"165",2018,"Viacheslav","Kravtsov","DET",14.4,0.086,-2,0
"166",115,"Stephen","Curry","GSW",21.3,0.18,5.4,5.6
"167",443,"Klay","Thompson","GSW",12.7,0.07,-0.3,1.3
"168",1641,"David","Lee","GSW",19.2,0.15,1.8,2.8
"169",1619,"Jarrett","Jack","GSW",15.9,0.115,0.5,1.4
"170",30,"Harrison","Barnes","GSW",11,0.065,-1.7,0.1
"171",1781,"Carl","Landry","GSW",17.5,0.159,-0.2,0.8
"172",1998,"Festus","Ezeli","GSW",9.3,0.066,-3.4,-0.4
"173",185,"Draymond","Green","GSW",7.1,0.028,-3.6,-0.4
"174",1593,"Andrew","Bogut","GSW",13.8,0.106,1.4,0.7
"175",1346,"Richard","Jefferson","GSW",10.3,0.081,-1.3,0.1
"176",1548,"Andris","Biedriņš","GSW",7.7,0.102,-1,0.1
"177",1930,"Charles","Jenkins","GSW",6.9,-0.018,-5.4,-0.3
"178",36,"Kent","Bazemore","GSW",11.3,0.014,-2.4,0
"179",1931,"Jeremy","Tyler","GSW",6.1,-0.063,-9.4,-0.1
"180",1803,"Brandon","Rush","GSW",11.9,0.051,-1,0
"181",1961,"Malcolm","Thomas","GSW",8.8,0.077,0.4,0
"182",192,"James","Harden","HOU",23,0.206,5.6,5.8
"183",364,"Chandler","Parsons","HOU",15.3,0.121,2,2.8
"184",279,"Jeremy","Lin","HOU",14.9,0.099,0.3,1.5
"185",1895,"Ömer","Aşık","HOU",14.9,0.108,-1.6,0.3
"186",1529,"Carlos","Delfino","HOU",13.3,0.101,1.4,1.5
"187",365,"Patrick","Patterson","HOU",15.5,0.12,0.2,0.7
"188",328,"Marcus","Morris","HOU",12.1,0.084,-1.2,0.2
"189",1964,"Greg","Smith","HOU",16.1,0.172,-0.6,0.4
"190",1850,"Toney","Douglas","HOU",12.3,0.081,-1.5,0.1
"191",45,"Patrick","Beverley","HOU",15.4,0.148,3.8,1
"192",1988,"Donatas","Motiejūnas","HOU",12.2,0.061,-3.5,-0.2
"193",1597,"Francisco","García","HOU",12.2,0.101,1.8,0.3
"194",1897,"James","Anderson","HOU",14.2,0.105,1.2,0.2
"195",1987,"Terrence","Jones","HOU",17.1,0.128,1.7,0.3
"196",1996,"Thomas","Robinson","HOU",12,0.024,-4.2,-0.1
"197",1896,"Cole","Aldrich","HOU",7.3,0.038,-5,-0.2
"198",1758,"Daequan","Cook","HOU",8.8,0.03,-1.6,0
"199",1777,"Aaron","Brooks","HOU",5.6,-0.063,-4,0
"200",2016,"Scott","Machado","HOU",6,-0.23,-8.8,0
"201",2026,"Tim","Ohlbrecht","HOU",-6.1,-0.369,-17.2,0
"202",172,"Paul","George","IND",16.8,0.145,3.8,4.4
"203",211,"George","Hill","IND",16.6,0.177,3.3,3.5
"204",1481,"David","West","IND",20.1,0.179,4,3.7
"205",431,"Lance","Stephenson","IND",11.8,0.115,0,1.2
"206",1804,"Roy","Hibbert","IND",17.3,0.129,-0.3,0.9
"207",1863,"Tyler","Hansbrough","IND",15.3,0.154,-1.9,0
"208",294,"Ian","Mahinmi","IND",10.6,0.083,-3.4,-0.5
"209",21,"D.J.","Augustin","IND",11,0.112,-0.6,0.5
"210",186,"Gerald","Green","IND",9.9,0.056,-1.9,0
"211",1855,"Sam","Young","IND",7.5,0.062,-2.7,-0.1
"212",1995,"Orlando","Johnson","IND",11.4,0.115,0.2,0.3
"213",1865,"Jeff","Ayres","IND",14.5,0.129,-1,0.1
"214",1994,"Ben","Hansbrough","IND",7.2,0.044,-4.2,-0.1
"215",1617,"Danny","Granger","IND",4,-0.075,-8.7,-0.1
"216",372,"Miles","Plumlee","IND",8.8,-0.015,-7.8,-0.1
"217",1747,"Dominic","McGuire","IND",-6,-0.239,-14.2,0
"218",189,"Blake","Griffin","LAC",22.4,0.196,4.1,4
"219",367,"Chris","Paul","LAC",26.4,0.287,8.8,6.4
"220",111,"Jamal","Crawford","LAC",16.8,0.116,1,1.7
"221",1522,"Matt","Barnes","LAC",15.5,0.146,1.8,2
"222",250,"DeAndre","Jordan","LAC",17.2,0.148,-0.2,0.9
"223",1439,"Caron","Butler","LAC",12.4,0.091,-1.3,0.3
"224",1216,"Lamar","Odom","LAC",10.9,0.081,-0.7,0.6
"225",51,"Eric","Bledsoe","LAC",17.5,0.115,3.5,2.2
"226",1474,"Willie","Green","LAC",11.8,0.103,-0.8,0.3
"227",1662,"Ronny","Turiaf","LAC",9.4,0.075,-1.7,0.1
"228",1732,"Ryan","Hollins","LAC",11.3,0.125,-3.9,-0.3
"229",879,"Grant","Hill","LAC",4.8,-0.014,-5.6,-0.4
"230",1097,"Chauncey","Billups","LAC",15,0.146,0.5,0.3
"231",2002,"Maalik","Wayns","LAC",19.5,0.227,0.9,0
"232",1861,"DaJuan","Summers","LAC",4.3,-0.124,-8.9,0
"233",1043,"Kobe","Bryant","LAL",23,0.174,4.6,5
"234",220,"Dwight","Howard","LAL",19.4,0.134,0.6,1.8
"235",1249,"Metta","World Peace","LAL",12.5,0.086,0.4,1.5
"236",311,"Jodie","Meeks","LAL",11.4,0.085,-1,0.4
"237",170,"Pau","Gasol","LAL",16.7,0.107,2,1.7
"238",1198,"Antawn","Jamison","LAL",15.3,0.126,-0.1,0.8
"239",1039,"Steve","Nash","LAL",16,0.127,0.4,1
"240",1857,"Earl","Clark","LAL",12.4,0.08,-0.7,0.4
"241",1497,"Steve","Blake","LAL",11.7,0.097,0.5,0.7
"242",1564,"Chris","Duhon","LAL",8,0.056,-2.9,-0.2
"243",1957,"Darius","Morris","LAL",8.1,0.016,-4.2,-0.4
"244",1851,"Jordan","Hill","LAL",18.5,0.147,-1.6,0
"245",1982,"Robert","Sacre","LAL",3.4,-0.024,-8.8,-0.4
"246",1876,"Devin","Ebanks","LAL",6.3,-0.025,-7.7,-0.3
"247",1932,"Andrew","Goudelock","LAL",-6.4,-0.264,-15.9,0
"248",2021,"Darius","Johnson-Odom","LAL",-6.7,-0.439,-21,0
"249",169,"Marc","Gasol","MEM",19.5,0.197,5.2,5.1
"250",104,"Mike","Conley","MEM",18.3,0.172,4.6,4.6
"251",388,"Zach","Randolph","MEM",17.9,0.145,0.2,1.5
"252",1552,"Tony","Allen","MEM",13.2,0.115,0.4,1.2
"253",34,"Jerryd","Bayless","MEM",13.5,0.108,0.1,1
"254",171,"Rudy","Gay","MEM",14.1,0.075,0.5,0.9
"255",374,"Quincy","Pondexter","MEM",11,0.125,-0.1,0.6
"256",1416,"Tayshaun","Prince","MEM",10.2,0.075,-0.9,0.3
"257",1812,"Darrell","Arthur","MEM",11.8,0.084,-2.4,-0.1
"258",144,"Wayne","Ellington","MEM",9.8,0.094,-0.6,0.2
"259",1818,"Marreese","Speights","MEM",16.1,0.116,-2.4,0
"260",118,"Ed","Davis","MEM",17.2,0.183,-0.1,0.3
"261",1853,"Austin","Daye","MEM",13.3,0.127,1.1,0.3
"262",2004,"Tony","Wroten","MEM",9.3,0.017,-3.8,-0.1
"264",2024,"Chris","Johnson","MEM",10.7,0.112,0.5,0.1
"265",276,"Jon","Leuer","MEM",17.2,0.198,1,0.1
"266",1813,"Hamed","Haddadi","MEM",7.4,0.039,-5.3,-0.1
"267",1296,"Keyon","Dooling","MEM",11.2,0.128,-1.4,0
"268",1937,"Josh","Selby","MEM",0.1,-0.143,-12.4,-0.2
"269",1921,"Dexter","Pittman","MEM",-7.7,-0.239,-23.2,-0.1
"270",237,"LeBron","James","MIA",31.6,0.322,11.7,9.9
"271",1482,"Chris","Bosh","MIA",20,0.175,1.3,2.1
"272",461,"Dwyane","Wade","MIA",24,0.192,4.4,3.8
"273",1801,"Mario","Chalmers","MIA",13.3,0.12,0.4,1.3
"274",1036,"Ray","Allen","MIA",14.7,0.126,0.3,1.2
"275",1378,"Shane","Battier","MIA",10.7,0.119,1,1.4
"276",1933,"Norris","Cole","MIA",7.9,0.019,-4.9,-1.2
"277",203,"Udonis","Haslem","MIA",9.9,0.108,-3.2,-0.4
"278",1299,"Mike","Miller","MIA",13.5,0.137,1.5,0.8
"279",1149,"Rashard","Lewis","MIA",11.1,0.071,-2.5,-0.1
"280",1389,"Chris","Andersen","MIA",17.4,0.207,-0.2,0.3
"281",1774,"Joel","Anthony","MIA",10.4,0.1,-1.3,0.1
"282",1517,"James","Jones","MIA",8.1,0.054,-3,-0.1
"283",922,"Juwan","Howard","MIA",9.9,0.039,-9.3,-0.1
"284",2023,"Jarvis","Varnado","MIA",-4.1,-0.122,-13.5,-0.1
"285",1926,"Josh","Harrellson","MIA",8.5,0.002,-5.9,0
"286",1934,"Terrel","Harris","MIA",7.2,-0.04,-9.8,-0.1
"287",1921,"Dexter","Pittman","MIA",17,0.114,-11.3,0
"288",1635,"Monta","Ellis","MIL",16.2,0.071,0.6,2.1
"289",1860,"Brandon","Jennings","MIL",16.1,0.096,1.1,2.2
"290",225,"Ersan","İlyasova","MIL",18.3,0.159,2,2
"291",1429,"Mike","Dunleavy","MIL",13.6,0.109,0.4,1.2
"293",1894,"Larry","Sanders","MIL",18.7,0.149,1,1.5
"294",302,"Luc","Mbah a Moute","MIL",9.1,0.017,-4.1,-0.7
"295",453,"Ekpe","Udoh","MIL",12,0.098,-1.7,0.1
"296",1471,"Marquis","Daniels","MIL",9.2,0.023,-2.9,-0.2
"297",205,"John","Henson","MIL",18.2,0.109,-1.7,0.1
"298",389,"J.J.","Redick","MIL",11.9,0.078,-2,0
"299",1393,"Samuel","Dalembert","MIL",18.6,0.137,-0.6,0.3
"300",1551,"Beno","Udrih","MIL",13.6,0.07,-1.4,0.1
"301",200,"Tobias","Harris","MIL",13,0.08,-2.1,0
"302",2010,"Doron","Lamb","MIL",3,-0.076,-8.9,-0.5
"303",1952,"Gustavo","Ayón","MIL",16.6,0.132,-0.5,0.1
"304",1441,"Drew","Gooden","MIL",7.7,-0.034,-6.7,-0.2
"305",422,"Ish","Smith","MIL",12.1,0.049,-1.2,0
"306",1286,"Joel","Przybilla","MIL",3.3,-0.005,-7.3,-0.1
"307",1500,"Luke","Ridnour","MIN",13,0.084,-0.8,0.8
"308",1352,"Andrei","Kirilenko","MIN",17.6,0.142,3.5,2.9
"309",113,"Dante","Cunningham","MIN",13.3,0.084,-1.4,0.3
"310",1882,"Nikola","Peković","MIN",20.2,0.163,0.5,1.2
"311",1941,"Derrick","Williams","MIN",14.5,0.076,-1.5,0.2
"312",2006,"Alexey","Shved","MIN",11,0.02,-1.7,0.1
"313",29,"J.J.","Barea","MIN",14.1,0.053,-0.6,0.6
"314",404,"Ricky","Rubio","MIN",16.2,0.085,1.1,1.3
"315",1925,"Greg","Stiemsma","MIN",10.5,0.069,-2.8,-0.3
"316",1691,"Mickaël","Gelabale","MIN",11.8,0.114,-0.2,0.3
"317",285,"Kevin","Love","MIN",17.9,0.084,0.4,0.4
"318",1840,"Chase","Budinger","MIN",12.6,0.066,-1.4,0.1
"319",1942,"Malcolm","Lee","MIN",9.8,0.059,-1.3,0
"320",1916,"Chris","Johnson","MIN",18.4,0.176,1.6,0.3
"322",1470,"Josh","Howard","MIN",9.5,0.009,-3.8,-0.1
"323",1735,"Lou","Amundson","MIN",6.3,-0.038,-7.9,-0.2
"324",1689,"Brandon","Roy","MIN",8.3,-0.017,-4.2,-0.1
"325",1883,"Lazar","Hayward","MIN",11.2,0.087,-1.9,0
"326",1733,"Will","Conroy","MIN",-15.2,-0.433,-24.9,-0.1
"327",1905,"Greivis","Vásquez","NOH",16.3,0.067,-0.4,1.1
"328",13,"Ryan","Anderson","NOH",18.1,0.125,2,2.5
"329",284,"Robin","Lopez","NOH",18.9,0.126,0.6,1.4
"330",10,"Al-Farouq","Aminu","NOH",13.7,0.073,-0.1,1
"331",117,"Anthony","Davis","NOH",21.7,0.159,2.5,2.1
"332",393,"Austin","Rivers","NOH",5.9,-0.038,-6.2,-1.5
"333",1993,"Brian","Roberts","NOH",14.6,0.078,-0.6,0.5
"334",178,"Eric","Gordon","NOH",15.4,0.042,-1.3,0.2
"335",1466,"Roger","Mason","NOH",10,0.057,-1.9,0.1
"336",423,"Jason","Smith","NOH",16.8,0.095,-1.6,0.1
"337",317,"Darius","Miller","NOH",6.3,0.034,-2.7,-0.1
"338",442,"Lance","Thomas","NOH",10.1,0.087,-3,-0.2
"339",1893,"Xavier","Henry","NOH",7.6,0.002,-5.7,-0.6
"340",1735,"Lou","Amundson","NOH",11.7,0.065,-1.1,0
"341",1747,"Dominic","McGuire","NOH",9.1,0.043,-0.6,0
"342",1934,"Terrel","Harris","NOH",-6.8,-0.267,-13.3,-0.3
"343",1607,"Hakim","Warrick","NOH",28.8,0.353,14,0
"344",1960,"Donald","Sloan","NOH",-3.3,-0.212,-9.4,0
"345",2027,"Henry","Sims","NOH",29.2,0.061,-1.2,0
"346",424,"J.R.","Smith","NYK",17.6,0.12,1.3,2.2
"347",17,"Carmelo","Anthony","NYK",24.8,0.184,4.3,3.9
"348",155,"Raymond","Felton","NYK",15.2,0.087,0.1,1.2
"349",94,"Tyson","Chandler","NYK",18.9,0.207,1.3,1.8
"350",908,"Jason","Kidd","NYK",13.5,0.128,3.3,2.7
"351",1686,"Steve","Novak","NYK",11.3,0.116,0.1,0.9
"352",2008,"Pablo","Prigioni","NYK",13,0.123,0.1,0.7
"353",415,"Iman","Shumpert","NYK",11.7,0.094,-0.1,0.5
"354",2009,"Chris","Copeland","NYK",16.8,0.117,-0.5,0.3
"355",1688,"Ronnie","Brewer","NYK",10.2,0.057,-0.8,0.2
"356",1433,"Amar'e","Stoudemire","NYK",22.1,0.191,0.7,0.5
"357",1725,"James","White","NYK",9.1,0.051,-3.1,-0.1
"358",1281,"Kenyon","Martin","NYK",13.9,0.128,-1.1,0.1
"359",978,"Kurt","Thomas","NYK",13.3,0.135,-0.1,0.2
"360",948,"Rasheed","Wallace","NYK",16.7,0.101,-1,0.1
"361",1016,"Marcus","Camby","NYK",8.6,0.007,-3.6,-0.1
"362",1603,"Earl","Barron","NYK",15.4,0.069,-4.9,0
"363",1297,"Quentin","Richardson","NYK",0.7,-0.181,-14.9,-0.1
"364",1695,"Solomon","Jones","NYK",-5.7,-0.172,-10.9,-0.1
"365",140,"Kevin","Durant","OKC",28.3,0.291,9.3,8.9
"366",472,"Russell","Westbrook","OKC",23.9,0.195,4.4,4.6
"367",223,"Serge","Ibaka","OKC",19.4,0.181,1.5,2.2
"368",411,"Thabo","Sefolosha","OKC",12.8,0.146,2.4,2.5
"369",1530,"Kevin","Martin","OKC",16,0.157,1,1.6
"370",1513,"Kendrick","Perkins","OKC",8.2,0.062,-1.8,0.1
"371",1536,"Nick","Collison","OKC",13.6,0.158,0.9,1.2
"372",236,"Reggie","Jackson","OKC",14.2,0.121,0.1,0.5
"373",1854,"Hasheem","Thabeet","OKC",11.6,0.134,-1.5,0.1
"374",1848,"Eric","Maynor","OKC",7.5,-0.003,-5,-0.3
"375",1041,"Derek","Fisher","OKC",7,0.046,-3.2,-0.1
"376",1966,"DeAndre","Liggins","OKC",9.4,0.092,-0.7,0.1
"377",2005,"Perry","Jones","OKC",7.8,-0.003,-7.3,-0.4
"378",267,"Jeremy","Lamb","OKC",11.2,0.058,-5.4,-0.1
"379",1688,"Ronnie","Brewer","OKC",9.1,0.072,-0.6,0.1
"380",1951,"Daniel","Orton","OKC",14,0.135,-3.1,0
"381",460,"Nikola","Vučević","ORL",17.8,0.106,-0.5,0.9
"382",1757,"Arron","Afflalo","ORL",13,0.042,-2.9,-0.5
"383",1533,"Jameer","Nelson","ORL",14.4,0.05,-1.2,0.4
"384",193,"Maurice","Harkless","ORL",12.5,0.059,-1.3,0.4
"385",326,"E'Twaun","Moore","ORL",10.7,0.006,-2.3,-0.1
"386",389,"J.J.","Redick","ORL",16.1,0.097,0.4,0.9
"387",2012,"Andrew","Nicholson","ORL",15.1,0.065,-2.7,-0.2
"388",1763,"Glen","Davis","ORL",15,0.035,-1.9,0
"389",200,"Tobias","Harris","ORL",17,0.092,0,0.5
"390",2017,"DeQuan","Jones","ORL",8.4,0.007,-4.5,-0.5
"391",1551,"Beno","Udrih","ORL",14.9,0.073,-1.3,0.1
"392",1782,"Josh","McRoberts","ORL",10.2,0.051,-1.9,0
"393",352,"Kyle","O'Quinn","ORL",15.8,0.107,-1.6,0.1
"394",1952,"Gustavo","Ayón","ORL",11.7,0.061,-2,0
"395",422,"Ish","Smith","ORL",7.2,-0.073,-5.2,-0.3
"396",2010,"Doron","Lamb","ORL",6.5,0.01,-5.7,-0.3
"397",1290,"Hedo","Türkoğlu","ORL",3.4,-0.116,-8.2,-0.3
"398",1172,"Al","Harrington","ORL",10.3,-0.012,-4.5,-0.1
"399",214,"Jrue","Holiday","PHI",16.7,0.055,0.5,1.9
"400",451,"Evan","Turner","PHI",12.1,0.035,-2.3,-0.3
"401",489,"Thaddeus","Young","PHI",18.2,0.136,1.2,2.1
"402",1775,"Spencer","Hawes","PHI",16,0.096,-0.5,0.9
"403",1587,"Dorell","Wright","PHI",16,0.132,2.6,2.1
"404",1959,"Lavoy","Allen","PHI",11.5,0.072,-3.3,-0.6
"405",1746,"Nick","Young","PHI",13.3,0.079,-0.7,0.5
"406",1538,"Damien","Wilkins","PHI",12.5,0.083,-2.2,-0.1
"407",1372,"Jason","Richardson","PHI",12.6,0.07,-0.5,0.4
"408",1543,"Royal","Ivey","PHI",8.1,0.066,-2.8,-0.1
"409",2003,"Arnett","Moultrie","PHI",16.7,0.149,-1.2,0.1
"410",1368,"Kwame","Brown","PHI",8.8,0.071,-4.9,-0.2
"411",1936,"Jeremy","Pargo","PHI",8.4,0.006,-4.4,-0.1
"412",2002,"Maalik","Wayns","PHI",1.8,-0.147,-12.4,-0.4
"413",1930,"Charles","Jenkins","PHI",8.6,0.021,-4,-0.1
"414",215,"Justin","Holiday","PHI",7.6,-0.042,-5,-0.1
"415",291,"Shelvin","Mack","PHI",-6.4,-0.348,-17.9,0
"416",136,"Goran","Dragić","PHO",17.5,0.106,1.4,2.2
"417",1739,"Luis","Scola","PHO",16.7,0.096,-0.5,0.8
"418",138,"Jared","Dudley","PHO",14.9,0.106,0.6,1.5
"419",450,"P.J.","Tucker","PHO",11.6,0.074,-1.5,0.2
"420",179,"Marcin","Gortat","PHO",15.4,0.086,-0.5,0.7
"421",329,"Markieff","Morris","PHO",12.6,0.044,-1.9,0
"422",39,"Michael","Beasley","PHO",10.8,-0.047,-4.7,-1.1
"423",1708,"Shannon","Brown","PHO",13.1,0.041,-1.6,0.2
"424",1059,"Jermaine","O'Neal","PHO",16.7,0.092,-1.3,0.2
"425",245,"Wesley","Johnson","PHO",10.3,0,-3.3,-0.3
"426",1547,"Sebastian","Telfair","PHO",10.9,0.042,-1.7,0.1
"427",1999,"Kendall","Marshall","PHO",7.8,-0.012,-5.2,-0.6
"428",328,"Marcus","Morris","PHO",8.6,-0.022,-4.4,-0.2
"429",1813,"Hamed","Haddadi","PHO",11.2,0,-6.5,-0.3
"430",2019,"Diante","Garrett","PHO",9,-0.073,-4.4,-0.1
"431",2000,"Luke","Zeller","PHO",5.6,-0.047,-7.2,-0.1
"432",278,"Damian","Lillard","POR",16.4,0.088,0.3,1.8
"433",33,"Nicolas","Batum","POR",15.7,0.099,2.8,3.4
"434",6,"LaMarcus","Aldridge","POR",20.4,0.124,1.3,2.3
"435",301,"Wesley","Matthews","POR",14.1,0.093,0.5,1.5
"436",1796,"J.J.","Hickson","POR",19.7,0.142,0.2,1.3
"437",275,"Meyers","Leonard","POR",12.1,0.097,-3.3,-0.4
"438",31,"Will","Barton","POR",9.1,-0.028,-4.6,-0.6
"439",1985,"Victor","Claver","POR",7,-0.005,-3.7,-0.3
"440",1879,"Luke","Babbitt","POR",9.4,0.047,-2.4,-0.1
"441",1848,"Eric","Maynor","POR",10.6,0.016,-4.2,-0.3
"442",1484,"Sasha","Pavlović","POR",6.2,0.009,-3.3,-0.2
"443",1598,"Ronnie","Price","POR",6.8,-0.017,-4.9,-0.4
"444",1986,"Joel","Freeland","POR",9.3,0.022,-5.4,-0.4
"445",1418,"Jared","Jeffries","POR",2.4,-0.042,-7.4,-0.5
"446",1943,"Nolan","Smith","POR",7.1,-0.082,-6.9,-0.4
"447",107,"DeMarcus","Cousins","SAC",20.2,0.092,0.2,1.2
"448",1808,"Jason","Thompson","SAC",14.6,0.075,-2.6,-0.3
"449",1406,"John","Salmons","SAC",10.2,0.034,-2.5,-0.3
"450",440,"Isaiah","Thomas","SAC",17.5,0.114,0.5,1.3
"451",150,"Tyreke","Evans","SAC",18.1,0.105,1.8,1.9
"452",1864,"Marcus","Thornton","SAC",16.3,0.089,0.3,1
"453",1661,"Chuck","Hayes","SAC",10.7,0.06,-1.4,0.2
"454",1938,"Jimmer","Fredette","SAC",14.6,0.052,-1.3,0.2
"455",1777,"Aaron","Brooks","SAC",12.1,0.045,-2.1,0
"456",242,"James","Johnson","SAC",10.2,-0.028,-3.5,-0.3
"457",1996,"Thomas","Robinson","SAC",10.6,-0.01,-5.6,-0.7
"458",1597,"Francisco","García","SAC",10.5,0.04,-0.6,0.3
"459",365,"Patrick","Patterson","SAC",14.5,0.09,-0.6,0.2
"460",1512,"Travis","Outlaw","SAC",13,0.037,-2.4,0
"461",1850,"Toney","Douglas","SAC",16,0.11,1.8,0.4
"462",1896,"Cole","Aldrich","SAC",15.7,0.109,-0.5,0.1
"463",1939,"Tyler","Honeycutt","SAC",1.9,-0.22,-13.2,-0.1
"464",184,"Danny","Green","SAS",14.1,0.128,2.8,2.7
"465",363,"Tony","Parker","SAS",23,0.206,3.6,3.1
"466",1089,"Tim","Duncan","SAS",24.4,0.191,5.3,3.8
"467",1906,"Tiago","Splitter","SAS",18.7,0.197,2.2,2.1
"468",274,"Kawhi","Leonard","SAS",16.4,0.166,3.1,2.3
"469",1479,"Boris","Diaw","SAS",11.9,0.124,0.8,1.2
"470",1898,"Gary","Neal","SAS",11.5,0.06,-2,0
"471",1412,"Manu","Ginóbili","SAS",19,0.155,3.6,2
"472",1280,"Stephen","Jackson","SAS",8,0.013,-3.5,-0.4
"473",1992,"Nando","De Colo","SAS",11.1,0.07,-1.2,0.2
"474",1550,"Matt","Bonner","SAS",11.8,0.133,0.2,0.5
"475",1843,"DeJuan","Blair","SAS",14.6,0.126,-1.6,0.1
"476",319,"Patty","Mills","SAS",14.1,0.109,0.2,0.4
"477",251,"Cory","Joseph","SAS",13.5,0.113,-0.4,0.2
"478",35,"Aron","Baynes","SAS",8.8,0.05,-7,-0.2
"479",1897,"James","Anderson","SAS",13,0.109,0.4,0.1
"480",125,"DeMar","DeRozan","TOR",14.7,0.075,-1.4,0.4
"481",241,"Amir","Johnson","TOR",17.3,0.151,1,1.8
"482",286,"Kyle","Lowry","TOR",17.5,0.133,2.9,2.5
"483",1647,"Alan","Anderson","TOR",12.6,0.052,-1.8,0.1
"484",455,"Jonas","Valanciunas","TOR",15.6,0.127,-1.2,0.3
"485",80,"Jose","Calderon","TOR",19.2,0.167,3.6,1.8
"486",402,"Terrence","Ross","TOR",10.4,0.034,-2.5,-0.1
"487",171,"Rudy","Gay","TOR",17.6,0.068,1.9,1.1
"488",118,"Ed","Davis","TOR",18.1,0.147,0.4,0.6
"489",1885,"Landry","Fields","TOR",10.3,0.052,-1.8,0.1
"490",1700,"Andrea","Bargnani","TOR",11.2,0.007,-2.7,-0.2
"491",1656,"John","Lucas","TOR",12.8,0.061,-0.6,0.3
"492",1743,"Aaron","Gray","TOR",9,0.05,-4.3,-0.3
"493",1489,"Mickael","Pietrus","TOR",6,-0.004,-4.8,-0.3
"494",1609,"Linas","Kleiza","TOR",8.2,0.013,-5.4,-0.3
"495",2020,"Quincy","Acy","TOR",15.9,0.157,0.1,0.2
"496",1747,"Dominic","McGuire","TOR",7.5,0.045,-2.8,0
"497",1547,"Sebastian","Telfair","TOR",10.7,0.029,-1.7,0
"498",1553,"Al","Jefferson","UTA",20.9,0.143,2.4,2.8
"499",318,"Paul","Millsap","UTA",19.8,0.154,2.7,2.8
"500",1677,"Randy","Foye","UTA",11.7,0.08,-0.6,0.8
"501",204,"Gordon","Hayward","UTA",16.8,0.123,2,2.1
"502",153,"Derrick","Favors","UTA",17.5,0.117,-0.5,0.7
"503",482,"Marvin","Williams","UTA",10.9,0.063,-1.2,0.4
"504",1486,"Mo","Williams","UTA",14.4,0.062,-0.9,0.4
"505",1344,"Jamaal","Tinsley","UTA",10.6,0.035,-1.5,0.2
"506",77,"Alec","Burks","UTA",11.5,0.044,-2.6,-0.2
"507",84,"DeMarre","Carroll","UTA",15.5,0.134,1.3,0.9
"508",253,"Enes","Kanter","UTA",17.6,0.101,-2.1,0
"509",1342,"Earl","Watson","UTA",7.7,0.001,-3.5,-0.3
"510",1890,"Jeremy","Evans","UTA",19.9,0.208,2.2,0.2
"511",1984,"Kevin","Murphy","UTA",-4.5,-0.272,-16.8,-0.2
"512",1620,"Martell","Webster","WAS",13.9,0.138,0.8,1.6
"513",1559,"Emeka","Okafor","WAS",15.8,0.104,-0.7,0.7
"514",37,"Bradley","Beal","WAS",13.6,0.082,0.2,1
"515",1904,"Kevin","Séraphin","WAS",10.3,0.004,-5.5,-1.5
"516",342,"Nenê","Hilário","WAS",17,0.116,1.3,1.3
"517",467,"John","Wall","WAS",20.8,0.134,3.9,2.4
"518",20,"Trevor","Ariza","WAS",14,0.102,2.1,1.6
"519",1844,"A.J.","Price","WAS",12.4,0.084,-0.6,0.5
"520",436,"Garrett","Temple","WAS",8.8,0.049,-2.3,-0.1
"521",1892,"Jordan","Crawford","WAS",14.7,0.058,0.5,0.7
"522",1947,"Chris","Singleton","WAS",7.8,0.028,-4.3,-0.6
"523",1900,"Trevor","Booker","WAS",13.9,0.126,-1,0.2
"524",1830,"Cartier","Martin","WAS",9.7,0.047,-2.1,0
"525",1954,"Jan","Veselý","WAS",7.6,0.059,-4.7,-0.4
"526",280,"Shaun","Livingston","WAS",7.4,0.028,-3.9,-0.1
"527",291,"Shelvin","Mack","WAS",10.4,0.052,-1.7,0
"528",1603,"Earl","Barron","WAS",6.9,-0.025,-8.9,-0.2
"529",1413,"Jannero","Pargo","WAS",0.2,-0.129,-10.5,-0.2
"530",1348,"Jason","Collins","WAS",2.9,0.016,-5.2,0